Gene stable ID	Gene start (bp)	Gene end (bp)	Chromosome/scaffold name	Gene name
ENSG00000276333	1913487	1920464	CHR_HSCHR16_4_CTG1	HS3ST6
ENSG00000262795	33410836	33488905	CHR_HSCHR21_4_CTG1_1	IFNGR2
ENSG00000276561	612805	616257	CHR_HSCHR11_1_CTG8	IRF7
ENSG00000273686	44711489	44718888	CHR_HSCHR15_3_CTG8	B2M
ENSG00000233051	31390270	31406729	CHR_HSCHR6_MHC_COX_CTG1	MICA
ENSG00000282130	29409413	29411093	CHR_HSCHR15_4_CTG8	NSMCE3
ENSG00000277571	851006	856290	CHR_HSCHR19_5_CTG2	ELANE
ENSG00000274619	859680	863666	CHR_HSCHR19_5_CTG2	CFD
ENSG00000243958	32934853	32970271	CHR_HSCHR6_MHC_SSTO_CTG1	PSMB9
ENSG00000275990	36860995	36880544	CHR_HSCHR22_1_CTG5	NCF4
ENSG00000239836	32997896	33033347	CHR_HSCHR6_MHC_MANN_CTG1	PSMB9
ENSG00000262418	198650158	198733963	CHR_HSCHR1_3_CTG31	PTPRC
ENSG00000276358	45435902	45490401	CHR_HSCHR17_2_CTG5	PLEKHM1
ENSG00000232367	32767527	32776296	CHR_HSCHR6_MHC_COX_CTG1	TAP1
ENSG00000206372	31888164	31936056	CHR_HSCHR6_MHC_QBL_CTG1	C2
ENSG00000277111	45435832	45490687	CHR_HSCHR17_1_CTG5	PLEKHM1
ENSG00000231543	31879966	31927861	CHR_HSCHR6_MHC_DBB_CTG1	C2
ENSG00000281861	524112	524332	CHR_HSCHR5_5_CTG1	SLC9A3
ENSG00000227816	32884481	32893250	CHR_HSCHR6_MHC_APD_CTG1	TAP1
ENSG00000282637	45316960	45317040	CHR_HSCHR17_2_CTG5	MAP3K14
ENSG00000230669	32879989	32883975	CHR_HSCHR6_MHC_APD_CTG1	PSMB8
ENSG00000282657	105854991	105856989	CHR_HSCHR14_3_CTG1	IGHM
ENSG00000274829	14435701	14632727	CHR_HSCHR16_1_CTG1	PARN
ENSG00000274497	105643841	105645561	CHR_HSCHR14_3_CTG1	IGHG2
ENSG00000242335	31938304	31944738	CHR_HSCHR6_MHC_SSTO_CTG1	CFB
ENSG00000276977	241849881	241858908	CHR_HSCHR2_3_CTG15	PDCD1
ENSG00000229802	33178351	33182345	CHR_HSCHR6_MHC_DBB_CTG1	SLC39A7
ENSG00000282003	112468853	112488558	CHR_HSCHR13_1_CTG1	TUBGCP3
ENSG00000206281	33228522	33243221	CHR_HSCHR6_MHC_QBL_CTG1	TAPBP
ENSG00000225967	32861254	32878050	CHR_HSCHR6_MHC_APD_CTG1	TAP2
ENSG00000223493	31941262	31951933	CHR_HSCHR6_MHC_DBB_CTG1	SKIV2L
ENSG00000232326	32912700	32929495	CHR_HSCHR6_MHC_SSTO_CTG1	TAP2
ENSG00000242711	32883408	32918836	CHR_HSCHR6_MHC_APD_CTG1	PSMB9
ENSG00000241534	31927837	31934271	CHR_HSCHR6_MHC_DBB_CTG1	CFB
ENSG00000226173	32998969	33007738	CHR_HSCHR6_MHC_MANN_CTG1	TAP1
ENSG00000206235	32975593	32992541	CHR_HSCHR6_MHC_MANN_CTG1	TAP2
ENSG00000243594	32772831	32808281	CHR_HSCHR6_MHC_QBL_CTG1	PSMB9
ENSG00000227746	32091205	32111862	CHR_HSCHR6_MHC_MCF_CTG1	C4A
ENSG00000223481	32799958	32816755	CHR_HSCHR6_MHC_DBB_CTG1	TAP2
ENSG00000224639	32058468	32058494	CHR_HSCHR6_MHC_MCF_CTG1	C4B
ENSG00000206288	33129256	33133250	CHR_HSCHR6_MHC_QBL_CTG1	SLC39A7
ENSG00000243570	32022093	32028527	CHR_HSCHR6_MHC_MCF_CTG1	CFB
ENSG00000227402	33354325	33358319	CHR_HSCHR6_MHC_MANN_CTG1	SLC39A7
ENSG00000224748	32935926	32944695	CHR_HSCHR6_MHC_SSTO_CTG1	TAP1
ENSG00000240508	32877612	32913027	CHR_HSCHR6_MHC_MCF_CTG1	PSMB9
ENSG00000228454	32007416	32028073	CHR_HSCHR6_MHC_SSTO_CTG1	C4B
ENSG00000226560	31974264	32022117	CHR_HSCHR6_MHC_MCF_CTG1	C2
ENSG00000204364	31959563	31985058	CHR_HSCHR6_MHC_MANN_CTG1	C2
ENSG00000228582	32744153	32761098	CHR_HSCHR6_MHC_COX_CTG1	TAP2
ENSG00000206353	31949457	31960128	CHR_HSCHR6_MHC_QBL_CTG1	SKIV2L
ENSG00000235696	31912644	31938328	CHR_HSCHR6_MHC_SSTO_CTG1	C2
ENSG00000281500	119024112	119030905	CHR_HG2217_PATCH	SLC37A4
ENSG00000280682	119044187	119057226	CHR_HG2217_PATCH	HYOU1
ENSG00000132963	28659104	28678959	13	POMP
ENSG00000231225	31393526	31409981	CHR_HSCHR6_MHC_SSTO_CTG1	MICA
ENSG00000204359	31985034	31990148	CHR_HSCHR6_MHC_MANN_CTG1	CFB
ENSG00000241253	31936032	31942466	CHR_HSCHR6_MHC_QBL_CTG1	CFB
ENSG00000230705	32878685	32887454	CHR_HSCHR6_MHC_MCF_CTG1	TAP1
ENSG00000231631	32931434	32935368	CHR_HSCHR6_MHC_SSTO_CTG1	PSMB8
ENSG00000244207	31964204	31984862	CHR_HSCHR6_MHC_DBB_CTG1	C4A
ENSG00000206299	32750528	32767476	CHR_HSCHR6_MHC_QBL_CTG1	TAP2
ENSG00000206340	31972402	31993060	CHR_HSCHR6_MHC_QBL_CTG1	C4A
ENSG00000236490	33277619	33292309	CHR_HSCHR6_MHC_DBB_CTG1	TAPBP
ENSG00000236625	31996944	32011233	CHR_HSCHR6_MHC_DBB_CTG1	C4B
ENSG00000232616	32035523	32046194	CHR_HSCHR6_MHC_MCF_CTG1	SKIV2L
ENSG00000224212	32823186	32831955	CHR_HSCHR6_MHC_DBB_CTG1	TAP1
ENSG00000284792	87863440	87966341	CHR_HG2334_PATCH	PTEN
ENSG00000206298	32769412	32773398	CHR_HSCHR6_MHC_QBL_CTG1	PSMB8
ENSG00000093072	17178790	17258235	22	ADA2
ENSG00000235233	31442784	31459233	CHR_HSCHR6_MHC_MANN_CTG1	MICA
ENSG00000112493	33221298	33235989	CHR_HSCHR6_MHC_COX_CTG1	TAPBP
ENSG00000177663	17084954	17115694	22	IL17RA
ENSG00000128789	12658043	12725740	18	PSMG2
ENSG00000206208	33470037	33484728	CHR_HSCHR6_MHC_MCF_CTG1	TAPBP
ENSG00000228896	31951734	31962405	CHR_HSCHR6_MHC_SSTO_CTG1	SKIV2L
ENSG00000236443	32994477	32998463	CHR_HSCHR6_MHC_MANN_CTG1	PSMB8
ENSG00000225737	31946626	31957297	CHR_HSCHR6_MHC_COX_CTG1	SKIV2L
ENSG00000226614	33122069	33126063	CHR_HSCHR6_MHC_COX_CTG1	SLC39A7
ENSG00000239754	31933196	31939630	CHR_HSCHR6_MHC_COX_CTG1	CFB
ENSG00000235017	31885329	31933220	CHR_HSCHR6_MHC_COX_CTG1	C2
ENSG00000230034	32818694	32822680	CHR_HSCHR6_MHC_DBB_CTG1	PSMB8
ENSG00000183214	31389818	31406373	CHR_HSCHR6_MHC_QBL_CTG1	MICA
ENSG00000100365	36860988	36878017	22	NCF4
ENSG00000240118	32822113	32857517	CHR_HSCHR6_MHC_DBB_CTG1	PSMB9
ENSG00000226201	32874193	32878179	CHR_HSCHR6_MHC_MCF_CTG1	PSMB8
ENSG00000206297	32773904	32782673	CHR_HSCHR6_MHC_QBL_CTG1	TAP1
ENSG00000152223	45847609	45967329	18	EPG5
ENSG00000228267	31969570	31983859	CHR_HSCHR6_MHC_COX_CTG1	C4B
ENSG00000101003	25407673	25452628	20	GINS1
ENSG00000224399	33370805	33374799	CHR_HSCHR6_MHC_MCF_CTG1	SLC39A7
ENSG00000132664	18467389	18484646	20	POLR3F
ENSG00000235715	32763034	32767021	CHR_HSCHR6_MHC_COX_CTG1	PSMB8
ENSG00000237599	32855328	32872254	CHR_HSCHR6_MHC_MCF_CTG1	TAP2
ENSG00000128322	23573125	23580302	22	IGLL1
ENSG00000178726	23045633	23049672	20	THBD
ENSG00000243067	32766454	32801905	CHR_HSCHR6_MHC_COX_CTG1	PSMB9
ENSG00000141655	62325287	62391288	18	TNFRSF11A
ENSG00000132792	37693955	37872129	20	CTNNBL1
ENSG00000196839	44619522	44652233	20	ADA
ENSG00000100368	36913628	36940439	22	CSF2RB
ENSG00000141458	23506184	23586506	18	NPC1
ENSG00000167306	49822789	50195147	18	MYO5B
ENSG00000134460	6010689	6062370	10	IL2RA
ENSG00000126216	112485011	112588205	13	TUBGCP3
ENSG00000175354	12785478	12929643	18	PTPN2
ENSG00000165168	37780059	37813461	X	CYBB
ENSG00000120659	42562736	42608013	13	TNFSF11
ENSG00000136104	50909747	51024120	13	RNASEH2B
ENSG00000159128	33403413	33479348	21	IFNGR2
ENSG00000130985	47190861	47215128	X	UBA1
ENSG00000122512	5970925	6009106	7	PMS2
ENSG00000102145	48786562	48794311	X	GATA1
ENSG00000133111	36819222	36829104	13	RFXAP
ENSG00000197766	859664	863641	19	CFD
ENSG00000285152	24146682	24160659	CHR_HG1_PATCH	RNF31
ENSG00000134900	102596986	102679958	13	TPP2
ENSG00000285048	24161264	24166564	CHR_HG1_PATCH	IRF9
ENSG00000152457	14897359	14954432	10	DCLRE1C
ENSG00000107643	48306639	48439360	10	MAPK8
ENSG00000183287	59430939	59697662	18	CCBE1
ENSG00000288512	7080214	7091771	CHR_HG1398_PATCH	C1R
ENSG00000101109	44966479	45080021	20	STK4
ENSG00000199477	45337480	45337609	13	SNORA31
ENSG00000174405	108207439	108218368	13	LIG4
ENSG00000284915	24239642	24242673	CHR_HG1_PATCH	TINF2
ENSG00000160223	44217014	44240966	21	ICOSLG
ENSG00000160224	44285838	44298648	21	AIRE
ENSG00000183161	22622533	22625823	11	FANCF
ENSG00000160255	44885953	44931989	21	ITGB2
ENSG00000091592	5499427	5619424	17	NLRP1
ENSG00000111732	8602170	8612867	12	AICDA
ENSG00000137265	391752	411443	6	IRF4
ENSG00000103249	1444934	1475084	16	CLCN7
ENSG00000100385	37125843	37175054	22	IL2RB
ENSG00000128340	37225270	37244448	22	RAC2
ENSG00000101844	108091668	108154671	X	ATG4A
ENSG00000139618	32315086	32400268	13	BRCA2
ENSG00000100714	64388031	64463457	14	MTHFD1
ENSG00000148606	77969251	78029515	10	POLR3A
ENSG00000015285	48676596	48691427	X	WAS
ENSG00000100342	36253071	36267530	22	APOL1
ENSG00000147010	19533977	19887600	X	SH3KBP1
ENSG00000159110	33205282	33265675	21	IFNAR2
ENSG00000166224	70815948	70881184	10	SGPL1
ENSG00000243646	33266367	33310187	21	IL10RB
ENSG00000142166	33324429	33359864	21	IFNAR1
ENSG00000172175	58671465	58754477	18	MALT1
ENSG00000186827	1211340	1214153	1	TNFRSF4
ENSG00000100099	26443423	26483837	22	HPS4
ENSG00000185811	50304068	50405101	7	IKZF1
ENSG00000026103	88990531	89017059	10	FAS
ENSG00000070019	14612632	14696599	12	GUCY2C
ENSG00000187790	45135930	45200890	14	FANCM
ENSG00000138119	93306429	93482334	10	MYOF
ENSG00000080815	73136418	73223691	14	PSEN1
ENSG00000102245	136648158	136660390	X	CD40LG
ENSG00000101577	2916994	3013144	18	LPIN2
ENSG00000100479	49643555	49688422	14	POLE2
ENSG00000105397	10350529	10380572	19	TYK2
ENSG00000108219	80454166	80533124	10	TSPAN14
ENSG00000164362	1253147	1295068	5	TERT
ENSG00000085063	33703010	33736479	11	CD59
ENSG00000140694	14435700	14632728	16	PARN
ENSG00000126524	66987680	66995587	7	SBDS
ENSG00000180644	70597348	70602759	10	PRF1
ENSG00000171608	9651731	9729114	1	PIK3CD
ENSG00000173039	65653597	65663090	11	RELA
ENSG00000064490	19192229	19201869	19	RFXANK
ENSG00000088305	32762385	32809356	20	DNMT3B
ENSG00000103522	27402174	27452042	16	IL21R
ENSG00000172575	38488103	38565575	15	RASGRP1
ENSG00000078747	34363241	34540748	20	ITCH
ENSG00000101311	6074845	6123030	20	FERMT1
ENSG00000087266	2793071	2841098	4	SH3BP2
ENSG00000177409	93130056	93148385	7	SAMD9L
ENSG00000071127	10074339	10116949	4	WDR1
ENSG00000130475	17747718	17788568	19	FCHO1
ENSG00000110719	68039025	68050895	11	TCIRG1
ENSG00000133704	30628988	30695869	12	IPO8
ENSG00000127152	99169287	99272197	14	BCL11B
ENSG00000205413	93099513	93118023	7	SAMD9
ENSG00000102125	154411524	154421726	X	TAZ
ENSG00000112936	40909497	40984643	5	C7
ENSG00000161405	39757718	39864312	17	IKZF3
ENSG00000160211	154531391	154547572	X	G6PD
ENSG00000118004	3594832	3644644	2	COLEC11
ENSG00000159958	41922032	41926806	22	TNFRSF13C
ENSG00000107960	103877569	103918184	10	STN1
ENSG00000151694	9488486	9556732	2	ADAM17
ENSG00000104738	47960185	47978160	8	MCM4
ENSG00000100292	35380361	35394214	22	HMOX1
ENSG00000013375	83161150	83193936	6	PGM3
ENSG00000196664	12867072	12890361	X	TLR7
ENSG00000211893	105639559	105644790	14	IGHG2
ENSG00000131061	33731657	33792269	20	ZNF341
ENSG00000131323	102777449	102911500	14	TRAF3
ENSG00000131944	32972209	32978229	19	FAAP24
ENSG00000127318	68248242	68253604	12	IL22
ENSG00000165025	90801787	90898549	9	SYK
ENSG00000112182	89926528	90296908	6	BACH2
ENSG00000007171	27756766	27800529	17	NOS2
ENSG00000183918	124227868	124373197	X	SH2D1A
ENSG00000178802	74890005	74902219	15	MPI
ENSG00000165895	100687288	100993941	11	ARHGAP42
ENSG00000106799	99104038	99154192	9	TGFBR1
ENSG00000253729	47773111	47960178	8	PRKDC
ENSG00000159753	67644988	67657569	16	CARMIL2
ENSG00000101916	12906620	12923169	X	TLR8
ENSG00000110777	111352255	111455630	11	POU2AF1
ENSG00000277734	22547506	22552156	14	TRAC
ENSG00000102908	69565094	69704666	16	NFAT5
ENSG00000197943	81739097	81962685	16	PLCG2
ENSG00000102977	67657512	67660815	16	ACD
ENSG00000185339	30607003	30627271	22	TCN2
ENSG00000090382	69348381	69354234	12	LYZ
ENSG00000100284	35299275	35347992	22	TOM1
ENSG00000168685	35852695	35879603	5	IL7R
ENSG00000134352	55935095	55995022	5	IL6ST
ENSG00000184216	154010506	154019902	X	IRAK1
ENSG00000010671	101349447	101390796	X	BTK
ENSG00000184979	18150170	18177397	22	USP18
ENSG00000184058	19756703	19783593	22	TBX1
ENSG00000147168	71107404	71112108	X	IL2RG
ENSG00000148908	119499817	119542719	10	RGS10
ENSG00000110057	67991100	68004982	11	UNC93B1
ENSG00000125826	407498	432139	20	RBCK1
ENSG00000124299	33386950	33521791	19	PEPD
ENSG00000049249	7915871	7943165	1	TNFRSF9
ENSG00000171793	40979688	41012565	1	CTPS1
ENSG00000105369	41877279	41881372	19	CD79A
ENSG00000140968	85899162	85922606	16	IRF8
ENSG00000112116	52236681	52244500	6	IL17F
ENSG00000101966	123859724	123913976	X	XIAP
ENSG00000151779	15166914	15561334	2	NBAS
ENSG00000108798	49210411	49223225	17	ABI3
ENSG00000225190	45435900	45490749	17	PLEKHM1
ENSG00000124201	49237946	49278426	20	ZNFX1
ENSG00000197561	851014	856247	19	ELANE
ENSG00000126759	47623172	47630305	X	CFP
ENSG00000168028	39406716	39412542	3	RPSA
ENSG00000051523	88643289	88651054	16	CYBA
ENSG00000164400	132073789	132076170	5	CSF2
ENSG00000077150	102394110	102402524	10	NFKB2
ENSG00000012048	43044295	43170245	17	BRCA1
ENSG00000170381	83363238	83649139	7	SEMA3E
ENSG00000056972	111555381	111606906	6	TRAF3IP2
ENSG00000119888	47345158	47387601	2	EPCAM
ENSG00000163513	30606601	30694142	3	TGFBR2
ENSG00000103005	57999546	58021618	16	USB1
ENSG00000001626	117287120	117715971	7	CFTR
ENSG00000118058	118436490	118526832	11	KMT2A
ENSG00000101017	46118278	46129863	20	CD40
ENSG00000113522	132556019	132646349	5	RAD50
ENSG00000095585	96189171	96271587	10	BLNK
ENSG00000101347	36890229	36951893	20	SAMHD1
ENSG00000198805	20468954	20477089	14	PNP
ENSG00000105851	106865278	106908980	7	PIK3CG
ENSG00000171316	60678740	60868028	8	CHD7
ENSG00000258366	63657810	63696253	20	RTEL1
ENSG00000135604	144150517	144191939	6	STX11
ENSG00000269900	35657751	35658018	9	RMRP
ENSG00000277027	35657754	35658017	9	RMRP
ENSG00000258102	116548105	116576606	12	MAP1LC3B2
ENSG00000269335	154541199	154565046	X	IKBKG
ENSG00000217128	131641714	131797063	5	FNIP1
ENSG00000205220	67934506	67936864	16	PSMB10
ENSG00000113600	39284140	39424868	5	C9
ENSG00000147065	65588377	65741931	X	MSN
ENSG00000162434	64833229	65067754	1	JAK1
ENSG00000119969	94501434	94613905	10	HELLS
ENSG00000133561	150625375	150632648	7	GIMAP6
ENSG00000106804	120952335	121050275	9	C5
ENSG00000105486	48115445	48170603	19	LIG1
ENSG00000101868	24693873	24996986	X	POLA1
ENSG00000112115	52186375	52190638	6	IL17A
ENSG00000125813	21705659	21718481	20	PAX1
ENSG00000140368	76993359	77037475	15	PSTPIP1
ENSG00000140598	82130233	82262734	15	EFL1
ENSG00000168421	40191053	40246967	4	RHOH
ENSG00000058262	128051641	128071683	3	SEC61A1
ENSG00000138231	138160988	138174921	3	DBR1
ENSG00000198223	1268800	1310381	X	CSF2RA
ENSG00000135077	157085832	157142869	5	HAVCR2
ENSG00000176919	136945185	136946975	9	C8G
ENSG00000081087	108041409	108165854	6	OSTM1
ENSG00000102034	130063955	130110716	X	ELF4
ENSG00000177455	28931965	28939342	16	CD19
ENSG00000062822	50384204	50418018	19	POLD1
ENSG00000198589	150264435	151015727	4	LRBA
ENSG00000122122	129779949	129795201	X	SASH3
ENSG00000128908	40978880	41116280	15	INO80
ENSG00000164483	130144315	130365425	6	SAMD3
ENSG00000145675	68215756	68301821	5	PIK3R1
ENSG00000091732	130018287	130051451	7	ZC3HC1
ENSG00000092098	24146683	24160660	14	RNF31
ENSG00000213928	24161265	24166565	14	IRF9
ENSG00000102879	30182827	30189076	16	CORO1A
ENSG00000118503	137867214	137883312	6	TNFAIP3
ENSG00000213658	28984826	28990784	16	LAT
ENSG00000104856	45001449	45038198	19	RELB
ENSG00000155858	157743712	157760709	5	LSM11
ENSG00000132274	5689697	5737089	11	TRIM22
ENSG00000092330	24239643	24242674	14	TINF2
ENSG00000197629	59208510	59212927	11	MPEG1
ENSG00000068724	46916157	47076137	2	TTC7A
ENSG00000113302	159314780	159330487	5	IL12B
ENSG00000272047	158168350	158199344	6	GTF2H5
ENSG00000187796	136361903	136373681	9	CARD9
ENSG00000071553	154428633	154436516	X	ATP6AP1
ENSG00000100567	58244843	58272012	14	PSMA3
ENSG00000123338	54497752	54548243	12	NCKAP1L
ENSG00000153201	108719482	108785809	2	RANBP2
ENSG00000160957	144511288	144517845	8	RECQL4
ENSG00000128016	39406847	39409412	19	ZFP36
ENSG00000150782	112143253	112164096	11	IL18
ENSG00000270141	169764520	169765060	3	TERC
ENSG00000111537	68154768	68159740	12	IFNG
ENSG00000134242	113813811	113871753	1	PTPN22
ENSG00000027697	137197485	137219449	6	IFNGR1
ENSG00000049768	49250438	49270477	X	FOXP3
ENSG00000125726	6583183	6604103	19	CD70
ENSG00000125730	6677704	6730562	19	C3
ENSG00000112365	109462594	109483219	6	ZBTB24
ENSG00000133710	148025683	148137382	5	SPINK5
ENSG00000130826	154762742	154777689	X	DKC1
ENSG00000186141	145824088	145844402	1	POLR3C
ENSG00000162601	58643440	58700077	1	MYSM1
ENSG00000086300	26291862	26374383	7	SNX10
ENSG00000136631	150067279	150145329	1	VPS45
ENSG00000165471	52765380	52772784	10	MBL2
ENSG00000118655	113905213	113914086	1	DCLRE1B
ENSG00000147050	44873188	45112779	X	KDM6A
ENSG00000168040	70203296	70207390	11	FADD
ENSG00000136695	113058638	113065382	2	IL36RN
ENSG00000110651	2376177	2397397	11	CD81
ENSG00000104320	89933331	90003228	8	NBN
ENSG00000107951	30309801	30374448	10	MTPAP
ENSG00000020922	94415570	94493885	11	MRE11
ENSG00000169896	31259967	31332892	16	ITGAM
ENSG00000180871	218125289	218137251	2	CXCR2
ENSG00000100883	34981957	35029686	14	SRP54
ENSG00000144354	173354820	173368997	2	CDCA7
ENSG00000065000	2100988	2164468	19	AP3D1
ENSG00000276045	121626550	121642677	12	ORAI1
ENSG00000076928	41883173	41930150	19	ARHGEF1
ENSG00000159377	151399560	151401937	1	PSMB4
ENSG00000130429	99374249	99394816	7	ARPC1B
ENSG00000137496	71998613	72005715	11	IL18BP
ENSG00000102158	77825747	77895593	X	MAGT1
ENSG00000162040	1911475	1918415	16	HS3ST6
ENSG00000092067	23117306	23119255	14	CEBPE
ENSG00000155465	22773222	22829820	14	SLC7A7
ENSG00000121966	136114349	136118149	2	CXCR4
ENSG00000182117	34341719	34343136	15	NOP10
ENSG00000134516	169637268	170083382	5	DOCK2
ENSG00000166189	102065349	102068036	10	HPS6
ENSG00000181830	45804072	45813016	11	SLC35C1
ENSG00000168724	34929559	34958964	5	DNAJC21
ENSG00000075624	5526409	5563902	7	ACTB
ENSG00000104164	45587214	45615945	15	BLOC1S6
ENSG00000163961	196468783	196503768	3	RNF168
ENSG00000141527	80169992	80209331	17	CARD14
ENSG00000138600	50702266	50765709	15	SPPL2A
ENSG00000122194	160702238	160754097	6	PLG
ENSG00000140525	89243945	89317261	15	FANCI
ENSG00000103313	3242027	3256633	16	MEFV
ENSG00000171049	51752026	51770531	19	FPR2
ENSG00000187474	51795157	51826190	19	FPR3
ENSG00000096996	18058995	18098944	19	IL12RB1
ENSG00000152056	223751686	223838027	2	AP1S3
ENSG00000154124	14664664	14699850	5	OTULIN
ENSG00000163600	203936763	203961577	2	ICOS
ENSG00000198001	43758944	43789543	12	IRAK4
ENSG00000164342	186069155	186088073	4	TLR3
ENSG00000110324	117986370	118003037	11	IL10RA
ENSG00000111206	2857680	2877174	12	FOXM1
ENSG00000065328	13161558	13211110	10	MCM10
ENSG00000005381	58269855	58280935	17	MPO
ENSG00000198851	118304730	118316175	11	CD3E
ENSG00000160654	118344344	118355161	11	CD3G
ENSG00000179348	128479427	128493201	3	GATA2
ENSG00000162736	160343316	160358952	1	NCSTN
ENSG00000117560	172659103	172666876	1	FASLG
ENSG00000182326	6988259	7071032	12	C1S
ENSG00000127666	4815932	4831712	19	TICAM1
ENSG00000159403	7080214	7092540	12	C1R
ENSG00000105639	17824780	17848071	19	JAK3
ENSG00000171051	51745172	51804110	19	FPR1
ENSG00000100906	35401513	35404749	14	NFKBIA
ENSG00000205155	35745600	35747519	19	PSENEN
ENSG00000066230	470456	524449	5	SLC9A3
ENSG00000122218	160288594	160343273	1	COPA
ENSG00000198246	71319259	71381423	10	SLC29A3
ENSG00000108604	63832081	63843065	17	SMARCD2
ENSG00000169714	129167827	129183922	3	CNBP
ENSG00000136802	128882133	128918039	9	LRRC8A
ENSG00000107521	98416198	98446935	10	HPS1
ENSG00000010610	6786858	6820799	12	CD4
ENSG00000102575	11574660	11579008	19	ACP5
ENSG00000171862	87863625	87971930	10	PTEN
ENSG00000104870	49506816	49526428	19	FCGRT
ENSG00000238923	6943816	6943878	12	RNU7-1
ENSG00000000971	196652043	196747504	1	CFH
ENSG00000126456	49659569	49665875	19	IRF3
ENSG00000239697	7549058	7557890	17	TNFSF12
ENSG00000132842	78002326	78294698	5	AP3B1
ENSG00000113263	157142933	157255185	5	ITK
ENSG00000198677	95461755	95554977	5	TTC37
ENSG00000145912	178149463	178153894	5	NHP2
ENSG00000167286	118339075	118342705	11	CD3D
ENSG00000107099	214854	465259	9	DOCK8
ENSG00000156860	30658431	30670810	16	FBRS
ENSG00000182150	95871264	96121154	9	ERCC6L2
ENSG00000198286	2906142	3043867	7	CARD11
ENSG00000012232	28600469	28755599	8	EXTL3
ENSG00000104365	42271302	42332460	8	IKBKB
ENSG00000076944	7636881	7647873	19	STXBP2
ENSG00000185507	612553	615983	11	IRF7
ENSG00000137275	3063824	3115187	6	RIPK1
ENSG00000069974	55202966	55319113	15	RAB27A
ENSG00000165731	43077064	43130351	10	RET
ENSG00000043462	170246233	170297815	5	LCP2
ENSG00000240505	16929816	16972118	17	TNFRSF13B
ENSG00000116679	185296388	185317273	1	IVNS1ABP
ENSG00000021852	56929207	56966140	1	C8B
ENSG00000166349	36510709	36593156	11	RAG1
ENSG00000175097	36575574	36598279	11	RAG2
ENSG00000163599	203867771	203873965	2	CTLA4
ENSG00000141499	7686071	7703502	17	WRAP53
ENSG00000204267	32821833	32838770	6	TAP2
ENSG00000204264	32840717	32844679	6	PSMB8
ENSG00000240065	32844136	32859851	6	PSMB9
ENSG00000172936	38138478	38143022	3	MYD88
ENSG00000166710	44711487	44718851	15	B2M
ENSG00000104889	12806584	12813640	19	RNASEH2A
ENSG00000196159	125314918	125492932	4	FAT4
ENSG00000105612	12875209	12881466	19	DNASE2
ENSG00000132549	99013266	99877580	8	VPS13B
ENSG00000163161	127257290	127294166	2	ERCC3
ENSG00000067182	6328757	6342114	12	TNFRSF1A
ENSG00000196378	144772224	144787345	8	ZNF34
ENSG00000075856	108522214	108561400	12	SART3
ENSG00000149781	64206678	64223891	11	FERMT3
ENSG00000168769	105145875	105279816	4	TET2
ENSG00000138684	122610108	122621066	4	IL21
ENSG00000197299	90717346	90816166	15	BLM
ENSG00000167604	35887653	35902303	19	NFKBID
ENSG00000167207	50693588	50734041	16	NOD2
ENSG00000211899	105851705	105856218	14	IGHM
ENSG00000109861	88265069	88359684	11	CTSC
ENSG00000105329	41301587	41353922	19	TGFB1
ENSG00000136244	22725884	22732002	7	IL6
ENSG00000178971	8224815	8248056	17	CTC1
ENSG00000131187	177402141	177409564	5	F12
ENSG00000145901	151029945	151093577	5	TNIP1
ENSG00000123066	115957905	116277693	12	MED13L
ENSG00000066336	47354860	47378547	11	SPI1
ENSG00000076248	109097597	109110992	12	UNG
ENSG00000039537	41142116	41261438	5	C6
ENSG00000171135	9890574	9894349	3	JAGN1
ENSG00000189056	103471381	103989658	7	RELN
ENSG00000110921	109573255	109598125	12	MVK
ENSG00000185115	29264989	29269822	15	NSMCE3
ENSG00000149131	57597387	57619171	11	SERPING1
ENSG00000081237	198638457	198757476	1	PTPRC
ENSG00000128683	170813213	170861151	2	GAD1
ENSG00000106628	44114680	44124358	7	POLD2
ENSG00000178562	203706475	203738912	2	CD28
ENSG00000179583	10866222	10943021	16	CIITA
ENSG00000138375	216412414	216483053	2	SMARCAL1
ENSG00000185043	90229975	90234047	15	CIB1
ENSG00000196329	150722253	150750033	7	GIMAP5
ENSG00000198056	56731296	56752374	12	PRIM1
ENSG00000071564	1609290	1652615	19	TCF3
ENSG00000156738	60455846	60470752	11	MS4A1
ENSG00000112851	65926556	66082546	5	ERBIN
ENSG00000172922	65714005	65720818	11	RNASEH2C
ENSG00000205403	109740694	109801999	4	CFI
ENSG00000023892	35297818	35321771	6	DEF6
ENSG00000175595	13920138	13952348	16	ERCC4
ENSG00000138378	191029576	191151596	2	STAT4
ENSG00000116062	47695530	47810063	2	MSH6
ENSG00000166278	31897785	31945672	6	C2
ENSG00000177105	3826978	3840959	11	RHOG
ENSG00000072274	196027183	196082096	3	TFRC
ENSG00000167323	3854527	4093210	11	STIM1
ENSG00000092929	75827225	75844552	17	UNC13D
ENSG00000243649	31945650	31952084	6	CFB
ENSG00000109320	102501331	102617302	4	NFKB1
ENSG00000204351	31959117	31969751	6	SKIV2L
ENSG00000188878	75909574	75941140	17	FBF1
ENSG00000244731	31982057	32002681	6	C4A
ENSG00000224389	32014795	32035418	6	C4B
ENSG00000143575	154272589	154275875	1	HAX1
ENSG00000143669	235661041	235883640	1	LYST
ENSG00000157131	56854797	56918223	1	C8A
ENSG00000185338	11254417	11256204	16	SOCS1
ENSG00000158517	74773962	74789376	7	NCF1
ENSG00000117322	207454230	207489895	1	CR2
ENSG00000204520	31399784	31415315	6	MICA
ENSG00000137507	76657524	76670747	11	LRRC32
ENSG00000163295	232456125	232460753	2	ALPI
ENSG00000076351	28394642	28407197	17	SLC46A1
ENSG00000109103	28546708	28552631	17	UNC119
ENSG00000164707	135681231	135729258	7	SLC13A4
ENSG00000139193	6444955	6451718	12	CD27
ENSG00000080910	196943738	196959622	1	CFHR2
ENSG00000134389	196977556	197009678	1	CFHR5
ENSG00000168394	32845209	32853816	6	TAP1
ENSG00000162924	60881521	60931612	2	REL
ENSG00000109101	28506243	28538900	17	FOXN1
ENSG00000112473	33200445	33204439	6	SLC39A7
ENSG00000231925	33299694	33314387	6	TAPBP
ENSG00000127241	187217282	187291980	3	MASP1
ENSG00000142405	53793741	53824394	19	NLRP12
ENSG00000115275	74461057	74465410	2	MOGS
ENSG00000162594	67138907	67259979	1	IL23R
ENSG00000183735	64452090	64502114	12	TBK1
ENSG00000117335	207752054	207795513	1	CD46
ENSG00000115415	190908460	191020960	2	STAT1
ENSG00000073861	47733236	47746122	17	TBX21
ENSG00000081985	67307364	67398724	1	IL12RB2
ENSG00000164509	55851357	55922854	5	IL31RA
ENSG00000163687	58192257	58214697	3	DNASE1L3
ENSG00000162711	247416156	247449108	1	NLRP3
ENSG00000104884	45349837	45370918	19	ERCC2
ENSG00000116266	108746674	108809523	1	STXBP3
ENSG00000177084	132623753	132687376	12	POLE
ENSG00000116586	156054782	156058506	1	LAMTOR2
ENSG00000072756	3126933	3150879	3	TRNT1
ENSG00000150455	126283065	126298845	11	TIRAP
ENSG00000089127	112905856	112933219	12	OAS1
ENSG00000116701	183555562	183590876	1	NCF2
ENSG00000196352	207321532	207386804	1	CD55
ENSG00000187736	219069357	219160865	2	NHEJ1
ENSG00000137700	119024114	119030906	11	SLC37A4
ENSG00000149428	119044188	119057227	11	HYOU1
ENSG00000091106	32224453	32265732	2	NLRC4
ENSG00000141524	78107397	78132407	17	TMC6
ENSG00000167895	78130770	78142968	17	TMC8
ENSG00000168610	42313324	42388540	17	STAT3
ENSG00000173757	42199177	42276707	17	STAT5B
ENSG00000213689	48465811	48467645	3	TREX1
ENSG00000064012	201233443	201287711	2	CASP8
ENSG00000110944	56334174	56340410	12	IL23A
ENSG00000170581	56341597	56360167	12	STAT2
ENSG00000114270	48564073	48595329	3	COL7A1
ENSG00000133703	25205246	25250936	12	KRAS
ENSG00000006062	45263119	45317029	17	MAP3K14
ENSG00000264229	121530881	121531007	2	RNU4ATAC
ENSG00000007312	63928740	63932336	17	CD79B
ENSG00000141349	44070735	44076344	17	G6PC3
ENSG00000153563	86784610	86808396	2	CD8A
ENSG00000163702	9917074	9933630	3	IL17RC
ENSG00000149311	108223044	108369102	11	ATM
ENSG00000173372	22636628	22639678	1	C1QA
ENSG00000159189	22643633	22648110	1	C1QC
ENSG00000173369	22652762	22661637	1	C1QB
ENSG00000163932	53156009	53192717	3	PRKCD
ENSG00000115085	97713576	97739862	2	ZAP70
ENSG00000115317	74529725	74533332	2	HTRA2
ENSG00000142867	85265776	85276632	1	BCL10
ENSG00000162747	161623196	161631963	1	FCGR3B
ENSG00000072694	161663147	161678654	1	FCGR2B
ENSG00000143226	161505430	161524013	1	FCGR2A
ENSG00000116044	177227595	177392697	2	NFE2L2
ENSG00000126561	42287547	42311943	17	STAT5A
ENSG00000167548	49018978	49060794	12	KMT2D
ENSG00000162129	72285495	72434680	11	CLPB
ENSG00000115758	10439968	10448327	2	ODC1
ENSG00000077097	25597984	25664907	3	TOP2B
ENSG00000142748	27369110	27374824	1	FCN3
ENSG00000198821	167430640	167518610	1	CD247
ENSG00000115935	174559572	174682916	2	WIPF1
ENSG00000136634	206767602	206774541	1	IL10
ENSG00000203747	161541759	161550737	1	FCGR3A
ENSG00000182866	32251239	32286165	1	LCK
ENSG00000135870	173931084	174022357	1	RC3H1
ENSG00000135899	230165186	230225729	2	SP110
ENSG00000161955	7558292	7561608	17	TNFSF13
ENSG00000160712	154405193	154469450	1	IL6R
ENSG00000143799	226360210	226408154	1	PARP1
ENSG00000115267	162267074	162318684	2	IFIH1
ENSG00000143390	151340640	151347326	1	RFX5
ENSG00000004455	33007940	33080996	1	AK2
ENSG00000187608	1001138	1014540	1	ISG15
ENSG00000136689	113107214	113134016	2	IL1RN
ENSG00000160710	154581695	154628013	1	ADAR
ENSG00000003400	201182898	201229406	2	CASP10
ENSG00000211592	88857161	88857683	2	IGKC
ENSG00000150337	149782671	149791675	1	FCGR1A
ENSG00000009724	11026523	11047239	1	MASP2
ENSG00000188389	241849884	241858894	2	PDCD1
ENSG00000168264	234604269	234610178	1	IRF2BP2
ENSG00000143365	151806071	151831845	1	RORC
ENSG00000125571	112911165	112918882	2	IL37
ENSG00000162676	92473043	92486925	1	GFI1
ENSG00000116785	196774813	196795407	1	CFHR3
ENSG00000244414	196819731	196832189	1	CFHR1
ENSG00000134365	196888014	196918713	1	CFHR4
ENSG00000213281	114704469	114716771	1	NRAS
ENSG00000153029	181033374	181061938	1	MR1
ENSG00000070831	22025511	22101360	1	CDC42
ENSG00000143772	226631690	226739323	1	ITPKB
ENSG00000119535	36466043	36483278	1	CSF3R
