"position","cor","(Intercept)","dist","efsexmale","var_pos","p","groups","test"
"101",0.682796693188445,0.28902999689553,0.562963170764134,0.606868502427076,"V101",0.804887097723255,"(0.6,0.8]","tested"
"103",0.120538848203522,1.22247745188589e-05,0.00496280943257717,0.563503516667962,"V103",0.323514904860942,"(0,0.4]","tested"
"104",0.731948390582595,0.899804835969304,0.928625998242994,0.601497294816125,"V104",0.810733075359858,"(0.6,0.8]","tested"
"105",0.706953138232207,0.380196505422247,0.668955090088727,0.60193087781338,"V105",0.907491354913988,"(0.6,0.8]","tested"
"106",0.731948390582595,0.89980483596931,0.928625998242988,0.601497294816124,"V106",0.810733075359853,"(0.6,0.8]","tested"
"109",0.659439086904041,0.229453109174403,0.490090935140918,0.606134180348964,"V109",0.732749713250568,"(0.6,0.8]","tested"
"11",0.731948390582595,0.899804835969296,0.928625998243002,0.601497294816125,"V11",0.810733075359866,"(0.6,0.8]","tested"
"110",0.731948390582595,0.899804835969395,0.928625998242896,0.601497294816122,"V110",0.810733075359758,"(0.6,0.8]","tested"
"114",0.593796907158802,0.306095677604405,0.363645222742581,0.661889258124966,"V114",0.405282115151843,"(0.4,0.6]","tested"
"115",0.731948390582595,0.89980483596931,0.928625998242989,0.601497294816127,"V115",0.810733075359853,"(0.6,0.8]","tested"
"117",0.731948390582595,0.899804835969298,0.928625998243,0.601497294816126,"V117",0.810733075359864,"(0.6,0.8]","tested"
"118",0.694772625401878,0.314399720985245,0.595776971762923,0.598231451514325,"V118",0.838892378691083,"(0.6,0.8]","tested"
"120",0.593796907158802,0.306095677604226,0.363645222742381,0.661889258124989,"V120",0.40528211515163,"(0.4,0.6]","tested"
"121",0.731948390582595,0.899804835969284,0.928625998243014,0.601497294816125,"V121",0.810733075359878,"(0.6,0.8]","tested"
"122",0.731948390582595,0.899804835969299,0.928625998243001,0.601497294816125,"V122",0.810733075359865,"(0.6,0.8]","tested"
"124",0.731948390582595,0.899804835969274,0.928625998243027,0.601497294816129,"V124",0.810733075359892,"(0.6,0.8]","tested"
"125",0.593796907158802,0.30609567760445,0.363645222742632,0.661889258124966,"V125",0.405282115151898,"(0.4,0.6]","tested"
"126",1,0.113910944331249,0.125960057978635,0.480550427239207,"V126",0.000479550218944971,"(0.8,1]","tested"
"128",0.573283385126219,0.305826189957775,0.363347902118462,0.648051421897858,"V128",0.404575327630209,"(0.4,0.6]","tested"
"129",0.583459159539673,0.304862961560942,0.362266217180951,0.654771134094283,"V129",0.403613481179849,"(0.4,0.6]","tested"
"130",0.731948390582595,0.899804835969297,0.928625998243001,0.601497294816124,"V130",0.810733075359864,"(0.6,0.8]","tested"
"131",0.61497313983133,0.167478246485796,0.390050673788937,0.572968339714922,"V131",0.607827538834486,"(0.6,0.8]","tested"
"134",0.391541271771328,0.0543211043790946,0.193437883469322,0.573453853628588,"V134",0.349215642076362,"(0,0.4]","tested"
"135",0.731948390582595,0.899804835969292,0.928625998243006,0.601497294816124,"V135",0.810733075359869,"(0.6,0.8]","tested"
"136",0.593796907158802,0.306095677604399,0.363645222742574,0.661889258124969,"V136",0.405282115151836,"(0.4,0.6]","tested"
"138",0.719343309434133,0.467715265300853,0.755783893804924,0.602060165591992,"V138",0.981278581315695,"(0.6,0.8]","tested"
"139",0.731948390582595,0.899804835969301,0.928625998242999,0.601497294816125,"V139",0.810733075359863,"(0.6,0.8]","tested"
"141",0.719343309434133,0.467099870744312,0.75611178379834,0.602099592941575,"V141",0.982430190643793,"(0.6,0.8]","tested"
"143",0.731948390582595,0.899804835969295,0.928625998243003,0.601497294816125,"V143",0.810733075359867,"(0.6,0.8]","tested"
"144",0.731948390582595,0.899804835969299,0.928625998242999,0.601497294816126,"V144",0.810733075359862,"(0.6,0.8]","tested"
"145",0.573283385126219,0.0639572039119106,0.781448378742913,0.567655725021792,"V145",0.388383979221851,"(0.4,0.6]","tested"
"146",0.731948390582595,0.899804835969284,0.928625998243015,0.601497294816125,"V146",0.810733075359879,"(0.6,0.8]","tested"
"147",0.731948390582595,0.899804835969293,0.928625998243005,0.601497294816123,"V147",0.810733075359869,"(0.6,0.8]","tested"
"15",0.583914627424993,0.0197609841389582,0.214783276108998,0.633036507576557,"V15",0.6278754490495,"(0.4,0.6]","tested"
"150",0.731948390582595,0.8998048359693,0.928625998242997,0.601497294816125,"V150",0.81073307535986,"(0.6,0.8]","tested"
"153",0.731948390582595,0.899804835969298,0.928625998243,0.601497294816126,"V153",0.810733075359864,"(0.6,0.8]","tested"
"155",0.731948390582595,0.899804835969308,0.928625998242991,0.601497294816126,"V155",0.810733075359856,"(0.6,0.8]","tested"
"156",0.731948390582595,0.899804835969294,0.928625998243005,0.601497294816125,"V156",0.810733075359869,"(0.6,0.8]","tested"
"157",0.731948390582595,0.899804835969297,0.928625998243004,0.601497294816127,"V157",0.810733075359869,"(0.6,0.8]","tested"
"159",0.583459159539673,0.303777736549639,0.361045547244436,0.654536889943638,"V159",0.402304390659795,"(0.4,0.6]","tested"
"160",0.731948390582595,0.899804835969296,0.928625998243003,0.601497294816125,"V160",0.810733075359867,"(0.6,0.8]","tested"
"162",0.731948390582595,0.899804835969384,0.928625998242912,0.601497294816121,"V162",0.810733075359776,"(0.6,0.8]","tested"
"163",0.731948390582595,0.899804835969397,0.928625998242897,0.601497294816121,"V163",0.810733075359761,"(0.6,0.8]","tested"
"164",0.593796907158802,0.306095677604404,0.363645222742581,0.661889258124968,"V164",0.405282115151843,"(0.4,0.6]","tested"
"166",0.731948390582595,0.899804835969297,0.928625998243001,0.601497294816126,"V166",0.810733075359865,"(0.6,0.8]","tested"
"180",0.731948390582595,0.899804835969279,0.928625998243019,0.601497294816126,"V180",0.810733075359881,"(0.6,0.8]","tested"
"183",0.731948390582595,0.899804835969282,0.928625998243018,0.601497294816126,"V183",0.810733075359882,"(0.6,0.8]","tested"
"184",0.731948390582595,0.899804835969306,0.928625998242993,0.601497294816126,"V184",0.810733075359858,"(0.6,0.8]","tested"
"186",0.731948390582595,0.899804835969297,0.928625998243001,0.601497294816125,"V186",0.810733075359864,"(0.6,0.8]","tested"
"187",0.731948390582595,0.8998048359693,0.928625998242999,0.601497294816123,"V187",0.810733075359864,"(0.6,0.8]","tested"
"191",0.731948390582595,0.899804835969303,0.928625998242996,0.601497294816124,"V191",0.81073307535986,"(0.6,0.8]","tested"
"194",0.583459159539673,0.305983827771048,0.363518928676815,0.655015452646413,"V194",0.404951693641029,"(0.4,0.6]","tested"
"195",0.731948390582595,0.899804835969289,0.92862599824301,0.601497294816125,"V195",0.810733075359874,"(0.6,0.8]","tested"
"198",0.731948390582595,0.899804835969303,0.928625998242995,0.601497294816124,"V198",0.810733075359859,"(0.6,0.8]","tested"
"20",0.0365968095089146,0.0733361205840207,0.007426898790676,0.57958557963584,"V20",0.194883720934906,"(0,0.4]","tested"
"201",0.731948390582595,0.899804835969289,0.928625998243009,0.601497294816126,"V201",0.810733075359872,"(0.6,0.8]","tested"
"203",0.643872230747755,0.00919158073184338,0.266103145738524,0.60186292614205,"V203",0.971800223963669,"(0.6,0.8]","tested"
"207",0.731948390582595,0.899804835969286,0.928625998243013,0.601497294816125,"V207",0.810733075359876,"(0.6,0.8]","tested"
"209",0.0004794880746347,0.00014919924793535,0.00712727038107744,0.592530899235863,"V209",0.327716981199111,"(0,0.4]","tested"
"210",0.230438299219127,1.04206574126269e-07,0.00143170124557886,0.553353206182761,"V210",0.0879519849253499,"(0,0.4]","tested"
"211",0.583459159539673,0.293853088813193,0.349357335978878,0.673714512204367,"V211",0.38943336610248,"(0.4,0.6]","tested"
"213",0.0354554034686851,0.00335491097009427,0.00994274511853389,0.613642775396023,"V213",0.838447977233222,"(0,0.4]","tested"
"215",0.731948390582595,0.8998048359693,0.928625998242998,0.601497294816126,"V215",0.810733075359861,"(0.6,0.8]","tested"
"217",0.731948390582595,0.899804835969297,0.928625998243001,0.601497294816124,"V217",0.810733075359865,"(0.6,0.8]","tested"
"221",0.961118442524087,0.100141132971979,0.140350197377513,0.490050699106681,"V221",0.000551922713647226,"(0.8,1]","tested"
"222",0.731948390582595,0.899804835969292,0.928625998243008,0.601497294816124,"V222",0.810733075359872,"(0.6,0.8]","tested"
"223",0.682796693188445,0.287550235960505,0.565854382301058,0.606508481552271,"V223",0.812327344624254,"(0.6,0.8]","tested"
"224",0.731948390582595,0.899804835969291,0.928625998243007,0.601497294816129,"V224",0.810733075359871,"(0.6,0.8]","tested"
"225",0.731948390582595,0.899804835969294,0.928625998243002,0.601497294816126,"V225",0.810733075359864,"(0.6,0.8]","tested"
"228",0.706953138232207,0.380627564696914,0.667985087519734,0.601772816367961,"V228",0.905203032864441,"(0.6,0.8]","tested"
"229",0.5247131307677,0.307956001336356,0.366140608848369,0.673120336437522,"V229",0.406756196663705,"(0.4,0.6]","tested"
"230",0.593796907158802,0.306095677604403,0.363645222742578,0.661889258124971,"V230",0.40528211515184,"(0.4,0.6]","tested"
"232",0.602011594607809,0.0308730328287679,0.535495993332157,0.580426073240418,"V232",0.481809021587968,"(0.6,0.8]","tested"
"233",0.731948390582595,0.899804835969309,0.928625998242991,0.601497294816125,"V233",0.810733075359856,"(0.6,0.8]","tested"
"236",0.224214592822783,0.269350870726151,0.399078296870493,0.732541187415139,"V236",0.473135464691979,"(0,0.4]","tested"
"24",0.731948390582595,0.899804835969301,0.928625998242997,0.601497294816125,"V24",0.810733075359861,"(0.6,0.8]","tested"
"240",0.593796907158802,0.306095677604358,0.36364522274253,0.661889258124974,"V240",0.405282115151788,"(0.4,0.6]","tested"
"241",0.731948390582595,0.8998048359693,0.928625998242998,0.601497294816126,"V241",0.810733075359862,"(0.6,0.8]","tested"
"244",0.719343309434133,0.504457981431289,0.789055724091426,0.602381542371378,"V244",0.991101262587096,"(0.6,0.8]","tested"
"245",0.553403613677593,0.302199652894392,0.359471457447485,0.659020808945288,"V245",0.400133499258711,"(0.4,0.6]","tested"
"246",0.64804806491406,0.301337261222698,0.467210845949959,0.600861374031329,"V246",0.60256708174079,"(0.6,0.8]","tested"
"247",0.64804806491406,0.207580849257813,0.459064181272436,0.601377089478492,"V247",0.697920616484929,"(0.6,0.8]","tested"
"248",0.719343309434133,0.524558035338967,0.783599867325586,0.603349837051649,"V248",0.981779979104245,"(0.6,0.8]","tested"
"25",0.731948390582595,0.899804835969301,0.928625998242999,0.601497294816127,"V25",0.810733075359863,"(0.6,0.8]","tested"
"250",0.731948390582595,0.899804835969298,0.928625998243,0.601497294816126,"V250",0.810733075359864,"(0.6,0.8]","tested"
"251",0.731948390582595,0.899804835969298,0.928625998243001,0.601497294816127,"V251",0.810733075359864,"(0.6,0.8]","tested"
"252",0.731948390582595,0.899804835969303,0.928625998242996,0.601497294816126,"V252",0.81073307535986,"(0.6,0.8]","tested"
"254",0.5247131307677,0.0928958114102649,0.277755716817941,0.550554258467315,"V254",0.480068287787941,"(0.4,0.6]","tested"
"256",0.659439086904041,0.208347668650864,0.461469231920615,0.574716835859294,"V256",0.701239984231174,"(0.6,0.8]","tested"
"257",0.583914627424993,0.0240998256285651,0.220290348599304,0.635396824378088,"V257",0.606883540280669,"(0.4,0.6]","tested"
"258",0.583459159539673,0.311130352342065,0.369240784879665,0.664985905451413,"V258",0.411031760642398,"(0.4,0.6]","tested"
"260",0.236927647231327,0.000236012580529952,0.0620142188027423,0.672997247893652,"V260",0.444891230514587,"(0,0.4]","tested"
"261",0.593796907158802,0.306095677604402,0.363645222742578,0.661889258124972,"V261",0.40528211515184,"(0.4,0.6]","tested"
"262",0.719343309434133,0.466794181136142,0.756275205629753,0.60211897897142,"V262",0.983003413129361,"(0.6,0.8]","tested"
"263",0.593796907158802,0.306095677604379,0.363645222742553,0.661889258124966,"V263",0.405282115151813,"(0.4,0.6]","tested"
"265",0.731948390582595,0.899804835969313,0.928625998242985,0.601497294816125,"V265",0.81073307535985,"(0.6,0.8]","tested"
"266",0.721752143333674,0.941329022302699,0.84858835010072,0.617781047789586,"V266",0.706638594924962,"(0.6,0.8]","tested"
"267",0.721752143333674,0.941329022302739,0.848588350100657,0.617781047789584,"V267",0.706638594924887,"(0.6,0.8]","tested"
"268",0.721752143333674,0.94132902230274,0.848588350100656,0.617781047789585,"V268",0.706638594924886,"(0.6,0.8]","tested"
"270",0.318905531312655,0.0150604915584042,0.439437580191207,0.550474874198231,"V270",0.0880191497771733,"(0,0.4]","tested"
"272",0.62581933059402,0.17272431677748,0.410436257659437,0.591647272273042,"V272",0.64497987261074,"(0.6,0.8]","tested"
"273",0.593796907158802,0.30609567760441,0.363645222742586,0.661889258124969,"V273",0.405282115151848,"(0.4,0.6]","tested"
"274",0.719343309434133,0.504118494708913,0.789152340864173,0.602368900246659,"V274",0.990631685783106,"(0.6,0.8]","tested"
"276",0.731948390582595,0.899804835969369,0.928625998242925,0.601497294816117,"V276",0.810733075359788,"(0.6,0.8]","tested"
"277",0.731948390582595,0.899804835969289,0.928625998243008,0.601497294816125,"V277",0.81073307535987,"(0.6,0.8]","tested"
"279",0.0391659622428853,0.0156163626100188,0.00936106396355689,0.578451535943673,"V279",0.487669006768106,"(0,0.4]","tested"
"281",0.204764451736461,1.71368321860909e-05,0.0156252528633921,0.672711696479576,"V281",0.162592658446762,"(0,0.4]","tested"
"282",0.229400786789197,0.303213985900229,0.427379540685189,0.726865643106047,"V282",0.497078511827334,"(0,0.4]","tested"
"283",0.214044149295948,0.300423092237146,0.42402374581873,0.734775128174108,"V283",0.491547603359016,"(0,0.4]","tested"
"284",0.60723485688087,4.11072898327062e-11,0.435520243819381,0.594260737797009,"V284",0.663603100839969,"(0.6,0.8]","tested"
"285",0.229400786789197,4.48364835983274e-08,0.427379540685218,0.726865643106048,"V285",0.497078511827362,"(0,0.4]","tested"
"286",0.229400786789197,4.48364835983063e-08,0.4273795406852,0.726865643106047,"V286",0.497078511827346,"(0,0.4]","tested"
"287",0.229400786789197,4.48364835982978e-08,0.427379540685195,0.726865643106046,"V287",0.49707851182734,"(0,0.4]","tested"
"288",0.229400786789197,4.48364835982973e-08,0.427379540685191,0.726865643106046,"V288",0.497078511827337,"(0,0.4]","tested"
"289",0.229400786789197,4.48364835982926e-08,0.427379540685182,0.726865643106045,"V289",0.497078511827327,"(0,0.4]","tested"
"290",0.229400786789197,4.48364835981749e-08,0.427379540685053,0.726865643106048,"V290",0.497078511827207,"(0,0.4]","tested"
"291",0.229400786789197,4.48364835983131e-08,0.427379540685212,0.726865643106046,"V291",0.497078511827356,"(0,0.4]","tested"
"292",0.229400786789197,4.4836483598307e-08,0.427379540685196,0.726865643106047,"V292",0.497078511827342,"(0,0.4]","tested"
"293",0.229400786789197,4.4836483598294e-08,0.427379540685196,0.726865643106049,"V293",0.497078511827342,"(0,0.4]","tested"
"294",0.229400786789197,4.48364835983205e-08,0.427379540685217,0.726865643106051,"V294",0.49707851182736,"(0,0.4]","tested"
"296",0.229400786789197,0.303213985900231,0.427379540685191,0.726865643106048,"V296",0.497078511827336,"(0,0.4]","tested"
"297",0.229400786789197,0.303213985900242,0.427379540685203,0.726865643106044,"V297",0.497078511827347,"(0,0.4]","tested"
"298",0.229400786789197,0.303213985900222,0.427379540685183,0.726865643106046,"V298",0.497078511827328,"(0,0.4]","tested"
"299",0.00512252919557845,7.32024437766136e-08,0.0141444393675349,0.5826424161329,"V299",0.690897662641691,"(0,0.4]","tested"
"300",0.132805772530031,4.43092656451033e-08,0.00558018958411193,0.695647998353888,"V300",0.252384221124835,"(0,0.4]","tested"
"304",0.141679792260866,0.422804190638778,0.519635701970188,0.795634940610665,"V304",0.561058470980107,"(0,0.4]","tested"
"305",0.0486693918065144,0.000257150748952122,0.00582145627279085,0.590437813020376,"V305",0.356609508378388,"(0,0.4]","tested"
"306",0.719343309434133,0.467098367375658,0.756112586614018,0.602099688604638,"V306",0.982433007822889,"(0.6,0.8]","tested"
"307",0.573283385126219,0.296195925682932,0.352597606611458,0.676869755558496,"V307",0.393086649255142,"(0.4,0.6]","tested"
"309",0.719343309434133,0.467404434724922,0.755949324177282,0.602080146895128,"V309",0.981859853808825,"(0.6,0.8]","tested"
"310",0.719343309434133,0.466035744893908,0.756682226195264,0.602166505919282,"V310",0.984428971391976,"(0.6,0.8]","tested"
"311",0.694772625401878,0.327980261526728,0.606881399181113,0.603847846583768,"V311",0.845663489794377,"(0.6,0.8]","tested"
"313",0.573283385126219,0.301241952820553,0.358297039978854,0.660714553926543,"V313",0.399218679450107,"(0.4,0.6]","tested"
"314",0.250839985750422,0.000185246873223782,0.0657338576461993,0.595896660229376,"V314",0.48676822055816,"(0,0.4]","tested"
"315",0.0365968095089146,0.0099338397682308,0.0116176270839116,0.597388798846728,"V315",0.926524379751934,"(0,0.4]","tested"
"316",0.731948390582595,0.8998048359693,0.928625998242999,0.601497294816127,"V316",0.810733075359863,"(0.6,0.8]","tested"
"319",0.742252560638576,0.468020018701386,0.755622063732037,0.602040442511107,"V319",0.980709459582607,"(0.6,0.8]","tested"
"320",0.472044492155339,0.0751339413518495,0.238432936637494,0.640026416579907,"V320",0.418018293196616,"(0.4,0.6]","tested"
"321",0.742252560638576,0.468020018701392,0.755622063732038,0.602040442511106,"V321",0.980709459582603,"(0.6,0.8]","tested"
"322",0.742252560638576,0.468020018701391,0.75562206373204,0.602040442511105,"V322",0.980709459582607,"(0.6,0.8]","tested"
"323",0.603794361328119,0.303766727642029,0.361033124616166,0.654534522745425,"V323",0.402291042241987,"(0.6,0.8]","tested"
"324",0.256378232523782,2.96765808721191e-10,0.153446800182743,0.720921353578153,"V324",0.278544469351928,"(0,0.4]","tested"
"326",0.603794361328119,0.303766727641998,0.361033124616133,0.654534522745431,"V326",0.402291042241952,"(0.6,0.8]","tested"
"329",0.56325746439594,0.295473602042813,0.351804315862868,0.639697262984038,"V329",0.391666668169294,"(0.4,0.6]","tested"
"331",0.603794361328119,0.303766727642033,0.36103312461617,0.654534522745425,"V331",0.402291042241992,"(0.6,0.8]","tested"
"4",0.731948390582595,0.8998048359693,0.928625998242998,0.601497294816127,"V4",0.810733075359862,"(0.6,0.8]","tested"
"42",0.719343309434133,0.504458925356756,0.789055455648124,0.602381577686682,"V42",0.991102567708246,"(0.6,0.8]","tested"
"45",0.731948390582595,0.899804835969315,0.928625998242984,0.601497294816126,"V45",0.810733075359848,"(0.6,0.8]","tested"
"6",0.719343309434133,0.505143094049487,0.788861167279384,0.602407415300054,"V6",0.992047789335152,"(0.6,0.8]","tested"
"63",0.719343309434133,0.467406851443887,0.755948036499417,0.602079992066238,"V63",0.981855331276735,"(0.6,0.8]","tested"
"74",0.719343309434133,0.469282188708357,0.75495571275823,0.601957363524432,"V74",0.978360719056772,"(0.6,0.8]","tested"
"75",0.731948390582595,0.899804835969296,0.928625998243002,0.601497294816125,"V75",0.810733075359866,"(0.6,0.8]","tested"
"76",0.731948390582595,0.899804835969303,0.928625998242994,0.601497294816125,"V76",0.810733075359858,"(0.6,0.8]","tested"
"78",0.731948390582595,0.8998048359693,0.928625998242999,0.601497294816125,"V78",0.810733075359863,"(0.6,0.8]","tested"
"79",0.731948390582595,0.899804835969302,0.928625998242997,0.601497294816124,"V79",0.810733075359861,"(0.6,0.8]","tested"
"80",0.322396409133892,0.0272982986645854,0.152928221735233,0.67389916418739,"V80",0.319375333611764,"(0,0.4]","tested"
"82",0.731948390582595,0.899804835969289,0.928625998243009,0.601497294816122,"V82",0.810733075359872,"(0.6,0.8]","tested"
"83",0.731948390582595,0.899804835969293,0.928625998243007,0.601497294816126,"V83",0.810733075359872,"(0.6,0.8]","tested"
"84",0.731948390582595,0.899804835969308,0.928625998242991,0.601497294816125,"V84",0.810733075359855,"(0.6,0.8]","tested"
"85",0.731948390582595,0.899804835969306,0.928625998242992,0.601497294816125,"V85",0.810733075359856,"(0.6,0.8]","tested"
"86",0.731948390582595,0.899804835969295,0.928625998243002,0.601497294816126,"V86",0.810733075359865,"(0.6,0.8]","tested"
"87",0.66595567766892,0.992905382342766,0.657704247121769,0.580290515556256,"V87",0.4326881536934,"(0.6,0.8]","tested"
"88",0.731948390582595,0.899804835969292,0.928625998243007,0.601497294816125,"V88",0.810733075359871,"(0.6,0.8]","tested"
"94",0.583459159539673,0.306999296341404,0.364746138376079,0.666644670126025,"V94",0.406308448388581,"(0.4,0.6]","tested"
"95",0.731948390582595,0.899804835969294,0.928625998243005,0.601497294816124,"V95",0.81073307535987,"(0.6,0.8]","tested"
"96",0.731948390582595,0.899804835969308,0.928625998242992,0.601497294816126,"V96",0.810733075359857,"(0.6,0.8]","tested"
"97",0.742252560638576,0.468963552027496,0.755123340006852,0.601978548508446,"V97",0.978952388187249,"(0.6,0.8]","tested"
"98",0.709164255249728,0.380352529003637,0.851877327067895,0.599704523635539,"V98",0.763900012107101,"(0.6,0.8]","tested"
"99",0.731948390582595,0.899804835969229,0.928625998243068,0.601497294816125,"V99",0.81073307535993,"(0.6,0.8]","tested"
