Phenotype,SNP1,SNP2,SNP3,SNP4,SNP5,SNP6,sex
0,0,1,0,1,1,1,0
0,0,0,0,0,1,1,0
0,0,0,0,0,1,1,0
0,0,0,0,0,1,1,0
0,0,0,0,0,1,1,0
0,0,0,0,0,1,1,0
0,0,0,0,0,1,1,0
0,0,0,0,0,1,1,0
0,0,0,0,0,1,1,0
0,0,0,0,0,1,1,0
0,0,0,0,0,1,1,0
0,0,0,0,0,1,1,0
0,0,0,0,0,1,1,0
0,0,0,0,0,1,1,0
0,0,0,0,0,1,1,0
0,0,0,0,0,1,1,0
0,0,0,0,0,1,1,0
0,0,0,0,0,1,1,0
0,0,0,0,0,1,1,0
0,0,0,0,0,1,1,0
0,0,0,0,0,1,1,0
0,0,0,0,0,1,1,0
0,0,0,0,0,1,1,0
0,0,0,0,0,1,1,0
0,0,0,0,0,1,1,0
0,0,0,0,0,1,1,0
0,0,0,0,0,1,1,0
0,0,0,0,0,1,1,0
0,0,0,0,0,1,1,0
0,0,0,0,0,1,1,0
0,0,0,0,0,1,1,0
0,0,0,0,0,1,1,0
0,0,0,0,0,1,1,0
0,0,0,0,0,1,1,0
0,0,0,0,0,1,1,0
0,0,0,0,0,1,1,0
0,0,0,0,0,1,1,0
0,0,0,0,0,1,1,0
0,0,0,0,0,1,1,0
0,0,0,0,0,1,1,0
0,0,0,0,0,1,1,0
0,0,0,0,0,1,1,0
0,0,0,0,0,1,1,0
0,0,0,0,0,1,1,0
0,0,0,0,0,1,1,0
0,0,0,0,0,1,1,0
0,0,0,0,0,1,1,0
0,0,0,0,0,1,1,0
0,0,0,0,0,1,1,0
0,0,0,0,0,1,1,0
1,0,1,1,1,0,1,0
1,0,0,1,1,0,1,0
1,0,0,1,1,0,1,0
1,0,0,1,1,0,1,0
1,0,0,0,1,0,1,0
1,0,0,0,1,0,1,0
1,0,0,0,1,0,1,0
1,0,0,0,0,0,1,0
1,0,0,0,0,0,1,0
1,0,0,0,0,0,1,0
1,0,1,1,1,0,1,0
1,0,0,1,1,0,1,0
1,0,0,1,1,0,1,0
1,0,0,1,1,0,1,0
1,0,0,0,1,0,1,0
1,0,0,0,1,0,1,0
1,0,0,0,1,0,1,0
1,0,0,0,0,0,1,0
1,0,0,0,0,0,1,0
1,0,0,0,0,0,1,0
1,0,1,1,1,0,1,0
1,0,0,1,1,0,1,0
1,0,0,1,1,0,1,0
1,0,0,1,1,0,1,0
1,0,0,0,1,0,1,0
1,0,0,0,1,0,1,0
1,0,0,0,1,0,1,0
1,0,0,0,0,0,1,0
1,0,0,0,0,0,1,0
1,0,0,0,0,0,1,0
1,0,1,1,1,0,1,0
1,0,0,1,1,0,1,0
1,0,0,1,1,0,1,0
1,0,0,1,1,0,1,0
1,0,0,0,1,0,1,0
1,0,0,0,1,0,1,0
1,0,0,0,1,0,1,0
1,0,0,0,0,0,1,0
1,0,0,0,0,0,1,0
1,0,0,0,0,0,1,0
1,0,1,1,1,0,1,0
1,0,0,1,1,0,1,0
1,0,0,1,1,0,1,0
1,0,0,1,1,0,1,0
1,0,0,0,1,0,1,0
1,0,0,0,1,0,1,0
1,0,0,0,1,0,1,0
1,0,0,0,0,0,1,0
1,0,0,0,0,0,1,0
1,0,0,0,0,1,1,0